pc_timestamp,elapsed_s,arduino_date,arduino_time,uptime_s,sht30_temp_C,sht30_humidity_pct,bme688_1_temp_C,bme688_1_humidity_pct,bme688_1_pressure_hpa,bme688_1_gas_ohms,bme688_2_temp_C,bme688_2_humidity_pct,bme688_2_pressure_hpa,bme688_2_gas_ohms,as7341_f1,as7341_f2,as7341_f3,as7341_f4,as7341_clear,as7341_nir,stepper_speed_pct,pump_speed_pct,pump_state
2026-06-26 12:14:04,2.03,2026-06-18,12:00:44,44.0,25.45,54.46,26.37,45.94,1014.54,14238.0,26.1,47.04,1014.75,49004.0,3.0,6.0,10.0,13.0,98.0,14.0,0.0,60.0,ON
2026-06-26 12:14:05,3.51,2026-06-18,12:00:01,1.0,-45.0,54.39,27.2,45.97,1014.49,16157.0,27.05,47.07,1014.72,48836.0,4.0,6.0,10.0,12.0,97.0,14.0,0.0,60.0,ON
2026-06-26 12:14:07,5.77,2026-06-18,12:00:03,3.0,25.47,54.33,27.02,45.64,1014.49,14998.0,26.85,46.63,1014.73,45861.0,4.0,6.0,10.0,13.0,98.0,14.0,0.0,60.0,ON
2026-06-26 12:14:10,8.04,2026-06-18,12:00:05,5.0,25.47,54.31,26.88,45.62,1014.49,14430.0,26.68,46.64,1014.73,44896.0,3.0,7.0,10.0,12.0,98.0,14.0,0.0,60.0,ON
2026-06-26 12:14:12,10.3,2026-06-18,12:00:08,8.0,25.46,54.46,26.77,45.69,1014.5,14115.0,26.55,46.69,1014.74,44568.0,4.0,7.0,10.0,13.0,97.0,14.0,0.0,60.0,ON
2026-06-26 12:14:14,12.57,2026-06-18,12:00:10,10.0,25.45,54.68,26.68,45.76,1014.51,12965.0,26.45,46.76,1014.73,44568.0,4.0,7.0,10.0,13.0,98.0,14.0,0.0,60.0,ON
2026-06-26 12:14:16,14.83,2026-06-18,12:00:12,12.0,25.47,54.72,26.62,45.79,1014.5,14219.0,26.37,46.82,1014.73,44521.0,3.0,7.0,10.0,14.0,98.0,14.0,0.0,60.0,ON
2026-06-26 12:14:19,17.1,2026-06-18,12:00:14,14.0,25.47,54.61,26.57,45.7,1014.51,16072.0,26.31,46.85,1014.73,44755.0,4.0,7.0,10.0,13.0,98.0,14.0,0.0,60.0,ON
2026-06-26 12:14:21,19.37,2026-06-18,12:00:17,17.0,25.44,54.41,26.53,45.61,1014.51,17481.0,26.27,46.89,1014.74,45038.0,4.0,7.0,10.0,12.0,98.0,14.0,0.0,60.0,ON
2026-06-26 12:14:23,21.63,2026-06-18,12:00:19,19.0,25.47,54.26,26.5,45.54,1014.52,17438.0,26.24,46.91,1014.74,45277.0,4.0,7.0,10.0,12.0,97.0,14.0,0.0,60.0,ON
2026-06-26 12:14:25,23.9,2026-06-18,12:00:21,21.0,25.45,54.33,26.48,45.6,1014.52,17311.0,26.21,46.95,1014.74,45470.0,3.0,7.0,10.0,13.0,98.0,14.0,0.0,60.0,ON
2026-06-26 12:14:28,26.16,2026-06-18,12:00:23,23.0,25.47,54.39,26.47,45.65,1014.53,16819.0,26.19,46.97,1014.75,45038.0,4.0,7.0,10.0,13.0,98.0,14.0,0.0,60.0,ON
2026-06-26 12:14:30,28.43,2026-06-18,12:00:26,26.0,25.48,54.39,26.46,45.69,1014.54,15545.0,26.18,46.99,1014.76,44429.0,4.0,7.0,10.0,13.0,98.0,14.0,0.0,60.0,ON
2026-06-26 12:14:32,30.69,2026-06-18,12:00:28,28.0,25.48,54.56,26.45,45.79,1014.54,15105.0,26.17,47.01,1014.76,43835.0,4.0,7.0,10.0,13.0,98.0,14.0,0.0,60.0,ON
2026-06-26 12:14:35,32.96,2026-06-18,12:00:30,30.0,25.47,54.73,26.44,45.81,1014.54,15670.0,26.16,47.01,1014.77,43434.0,3.0,7.0,10.0,13.0,99.0,14.0,0.0,60.0,ON
2026-06-26 12:14:37,35.23,2026-06-18,12:00:33,33.0,25.47,54.49,26.44,45.77,1014.55,15904.0,26.16,47.05,1014.77,43567.0,4.0,7.0,10.0,13.0,99.0,14.0,0.0,60.0,ON
2026-06-26 12:14:39,37.5,2026-06-18,12:00:35,35.0,25.46,54.43,26.44,45.78,1014.55,15892.0,26.16,47.04,1014.76,43301.0,4.0,7.0,10.0,14.0,99.0,14.0,0.0,60.0,ON
2026-06-26 12:14:41,39.76,2026-06-18,12:00:37,37.0,25.46,54.58,26.44,45.81,1014.54,13831.0,26.15,47.04,1014.76,42996.0,4.0,6.0,10.0,13.0,99.0,14.0,0.0,60.0,ON
2026-06-26 12:14:44,42.03,2026-06-18,12:00:39,39.0,25.48,54.75,26.43,45.86,1014.54,13431.0,26.15,47.03,1014.75,42866.0,4.0,7.0,10.0,13.0,98.0,14.0,0.0,60.0,ON
2026-06-26 12:14:46,44.3,2026-06-18,12:00:42,42.0,25.48,54.94,26.43,45.82,1014.54,14228.0,26.15,47.02,1014.75,43126.0,3.0,7.0,10.0,13.0,99.0,14.0,0.0,60.0,ON
2026-06-26 12:14:48,46.56,2026-06-18,12:00:44,44.0,25.45,54.98,26.43,45.81,1014.54,15322.0,26.15,47.02,1014.76,44153.0,4.0,7.0,10.0,13.0,98.0,14.0,0.0,60.0,ON
2026-06-26 12:14:50,48.83,2026-06-18,12:00:46,46.0,25.47,54.92,26.43,45.81,1014.53,15432.0,26.15,46.99,1014.75,45911.0,4.0,7.0,10.0,13.0,99.0,14.0,0.0,60.0,ON
2026-06-26 12:14:53,51.09,2026-06-18,12:00:48,48.0,25.47,54.93,26.43,45.8,1014.52,15455.0,26.15,46.96,1014.75,48948.0,4.0,7.0,10.0,13.0,99.0,14.0,0.0,60.0,ON
2026-06-26 12:14:55,53.36,2026-06-18,12:00:51,51.0,25.46,54.78,26.43,45.79,1014.52,14678.0,26.16,46.91,1014.75,49689.0,3.0,7.0,10.0,13.0,98.0,14.0,0.0,60.0,ON
2026-06-26 12:14:57,55.62,2026-06-18,12:00:53,53.0,25.47,54.76,26.43,45.73,1014.52,16431.0,26.16,46.9,1014.74,49980.0,4.0,6.0,10.0,13.0,98.0,14.0,0.0,60.0,ON
2026-06-26 12:14:59,57.89,2026-06-18,12:00:55,55.0,25.47,54.58,26.43,45.62,1014.53,16953.0,26.16,46.88,1014.74,49805.0,4.0,7.0,10.0,13.0,99.0,14.0,0.0,60.0,ON
2026-06-26 12:15:02,60.15,2026-06-18,12:00:57,57.0,25.49,54.35,26.44,45.57,1014.53,16953.0,26.16,46.87,1014.74,49401.0,4.0,7.0,10.0,13.0,99.0,14.0,0.0,60.0,ON
2026-06-26 12:15:04,62.42,2026-06-18,12:01:00,60.0,25.46,54.18,26.44,45.56,1014.52,16714.0,26.16,46.86,1014.73,48669.0,4.0,7.0,10.0,13.0,99.0,14.0,0.0,60.0,ON
2026-06-26 12:15:06,64.68,2026-06-18,12:01:02,62.0,25.47,54.09,26.44,45.54,1014.51,16145.0,26.16,46.84,1014.73,48256.0,4.0,7.0,10.0,13.0,99.0,14.0,0.0,60.0,ON
2026-06-26 12:15:09,66.95,2026-06-18,12:01:04,64.0,25.48,54.08,26.44,45.55,1014.52,15455.0,26.16,46.85,1014.74,46715.0,3.0,7.0,10.0,14.0,98.0,14.0,0.0,60.0,ON
2026-06-26 12:15:11,69.22,2026-06-18,12:01:06,66.0,25.46,53.92,26.44,45.53,1014.51,15670.0,26.17,46.84,1014.74,45812.0,3.0,7.0,10.0,13.0,99.0,14.0,0.0,60.0,ON
2026-06-26 12:15:13,71.48,2026-06-18,12:01:09,69.0,25.48,53.7,26.44,45.48,1014.52,15892.0,26.17,46.84,1014.75,44429.0,4.0,6.0,10.0,13.0,99.0,14.0,0.0,60.0,ON
2026-06-26 12:15:15,73.75,2026-06-18,12:01:11,71.0,25.47,53.65,26.44,45.45,1014.52,15477.0,26.17,46.83,1014.75,43214.0,3.0,6.0,10.0,13.0,98.0,14.0,0.0,60.0,ON
2026-06-26 12:15:18,76.02,2026-06-18,12:01:13,73.0,25.49,53.75,26.44,45.49,1014.52,15169.0,26.17,46.84,1014.75,41571.0,3.0,6.0,10.0,13.0,98.0,14.0,0.0,60.0,ON
2026-06-26 12:15:20,78.28,2026-06-18,12:01:16,76.0,25.49,53.64,26.44,45.59,1014.52,14678.0,26.17,46.84,1014.74,40544.0,4.0,7.0,10.0,13.0,98.0,14.0,0.0,60.0,ON
2026-06-26 12:15:22,80.55,2026-06-18,12:01:18,78.0,25.48,53.5,26.44,45.67,1014.52,14770.0,26.17,46.83,1014.74,39275.0,4.0,7.0,10.0,13.0,98.0,14.0,0.0,60.0,ON
2026-06-26 12:15:24,82.82,2026-06-18,12:01:20,80.0,25.49,53.7,26.44,45.73,1014.51,14780.0,26.17,46.84,1014.73,38811.0,3.0,6.0,10.0,13.0,98.0,14.0,0.0,60.0,ON
2026-06-26 12:15:27,85.08,2026-06-18,12:01:22,82.0,25.48,53.83,26.44,45.85,1014.51,15115.0,26.17,46.84,1014.73,38357.0,4.0,7.0,10.0,13.0,98.0,14.0,0.0,60.0,ON
2026-06-26 12:15:29,87.35,2026-06-18,12:01:25,85.0,25.5,54.06,26.45,45.8,1014.5,15522.0,26.18,46.83,1014.74,37881.0,3.0,7.0,10.0,13.0,99.0,14.0,0.0,60.0,ON
2026-06-26 12:15:31,89.62,2026-06-18,12:01:27,87.0,25.47,54.1,26.45,45.64,1014.5,16899.0,26.18,46.81,1014.74,37813.0,4.0,7.0,10.0,13.0,98.0,14.0,0.0,60.0,ON
2026-06-26 12:15:33,91.88,2026-06-18,12:01:29,89.0,25.49,53.9,26.45,45.49,1014.51,17185.0,26.18,46.79,1014.73,37613.0,4.0,6.0,10.0,13.0,98.0,14.0,0.0,60.0,ON
2026-06-26 12:15:36,94.15,2026-06-18,12:01:31,91.0,25.49,53.74,26.45,45.41,1014.51,17171.0,26.18,46.76,1014.73,37713.0,3.0,6.0,10.0,13.0,98.0,14.0,0.0,60.0,ON
2026-06-26 12:15:38,96.41,2026-06-18,12:01:34,94.0,25.49,53.87,26.45,45.36,1014.51,16899.0,26.18,46.73,1014.72,37746.0,4.0,7.0,10.0,13.0,98.0,14.0,0.0,60.0,ON
2026-06-26 12:15:40,98.68,2026-06-18,12:01:36,96.0,25.49,53.99,26.45,45.32,1014.51,16940.0,26.18,46.73,1014.72,37647.0,3.0,7.0,10.0,13.0,99.0,14.0,0.0,60.0,ON
2026-06-26 12:15:43,100.94,2026-06-18,12:01:38,98.0,25.49,54.04,26.45,45.3,1014.51,17144.0,26.18,46.7,1014.72,37780.0,3.0,7.0,10.0,13.0,98.0,14.0,0.0,60.0,ON
2026-06-26 12:15:45,103.21,2026-06-18,12:01:40,100.0,25.48,54.12,26.45,45.33,1014.51,17241.0,26.18,46.7,1014.72,38049.0,4.0,7.0,10.0,14.0,99.0,14.0,0.0,60.0,ON
2026-06-26 12:15:47,105.48,2026-06-18,12:01:43,103.0,25.49,54.29,26.45,45.42,1014.51,16169.0,26.18,46.69,1014.72,38705.0,4.0,7.0,10.0,13.0,99.0,14.0,0.0,60.0,ON
2026-06-26 12:15:49,107.74,2026-06-18,12:01:45,105.0,25.5,54.38,26.45,45.53,1014.51,13760.0,26.18,46.67,1014.72,39421.0,3.0,7.0,10.0,13.0,99.0,14.0,0.0,60.0,ON
2026-06-26 12:15:52,110.01,2026-06-18,12:01:47,107.0,25.49,54.41,26.45,45.51,1014.51,14946.0,26.18,46.67,1014.72,40012.0,4.0,6.0,10.0,13.0,99.0,14.0,0.0,60.0,ON
2026-06-26 12:15:54,112.27,2026-06-18,12:01:49,109.0,25.5,54.38,26.45,45.45,1014.51,15399.0,26.18,46.66,1014.73,40544.0,3.0,6.0,10.0,13.0,99.0,14.0,0.0,60.0,ON
2026-06-26 12:15:56,114.54,2026-06-18,12:01:52,112.0,25.49,54.25,26.45,45.41,1014.51,15030.0,26.19,46.65,1014.73,41012.0,4.0,7.0,10.0,13.0,99.0,14.0,0.0,60.0,ON
2026-06-26 12:15:58,116.81,2026-06-18,12:01:54,114.0,25.49,54.1,26.45,45.38,1014.52,14440.0,26.19,46.65,1014.73,41734.0,4.0,7.0,10.0,13.0,99.0,14.0,0.0,60.0,ON
2026-06-26 12:16:01,119.07,2026-06-18,12:01:56,116.0,25.49,54.05,26.45,45.36,1014.52,14200.0,26.19,46.63,1014.73,42356.0,4.0,7.0,10.0,13.0,100.0,14.0,0.0,60.0,ON
2026-06-26 12:16:03,121.34,2026-06-18,12:01:59,119.0,25.49,54.08,26.45,45.37,1014.52,13448.0,26.19,46.62,1014.73,42909.0,3.0,7.0,10.0,13.0,100.0,14.0,0.0,60.0,ON
2026-06-26 12:16:05,123.6,2026-06-18,12:02:01,121.0,25.51,54.19,26.45,45.48,1014.52,13542.0,26.19,46.61,1014.74,43170.0,3.0,7.0,10.0,13.0,98.0,14.0,0.0,60.0,ON
2026-06-26 12:16:07,125.87,2026-06-18,12:02:03,123.0,25.49,54.29,26.45,45.5,1014.52,15094.0,26.19,46.62,1014.74,43126.0,4.0,7.0,10.0,13.0,98.0,14.0,0.0,60.0,ON
2026-06-26 12:16:10,128.14,2026-06-18,12:02:05,125.0,25.48,54.35,26.45,45.46,1014.52,15798.0,26.19,46.63,1014.74,43257.0,4.0,7.0,10.0,13.0,98.0,14.0,0.0,60.0,ON
2026-06-26 12:16:12,130.4,2026-06-18,12:02:08,128.0,25.51,54.46,26.45,45.57,1014.53,10891.0,26.19,46.63,1014.74,43880.0,4.0,6.0,10.0,13.0,98.0,14.0,0.0,60.0,ON
2026-06-26 12:16:14,132.67,2026-06-18,12:02:10,130.0,25.5,54.56,26.45,45.73,1014.53,10803.0,26.19,46.62,1014.74,45277.0,4.0,7.0,10.0,13.0,98.0,14.0,0.0,60.0,ON
2026-06-26 12:16:17,134.93,2026-06-18,12:02:12,132.0,25.5,54.61,26.45,45.74,1014.53,11490.0,26.19,46.61,1014.74,48393.0,3.0,7.0,10.0,13.0,100.0,14.0,0.0,60.0,ON
2026-06-26 12:16:19,137.2,2026-06-18,12:02:14,134.0,25.5,54.62,26.45,45.68,1014.52,13280.0,26.19,46.58,1014.73,50813.0,4.0,7.0,10.0,13.0,99.0,14.0,0.0,60.0,ON
2026-06-26 12:16:21,139.47,2026-06-18,12:02:17,137.0,25.5,54.4,26.45,45.58,1014.52,14648.0,26.19,46.57,1014.73,51958.0,3.0,7.0,10.0,13.0,99.0,14.0,0.0,60.0,ON
2026-06-26 12:16:23,141.73,2026-06-18,12:02:19,139.0,25.49,54.21,26.45,45.52,1014.52,14087.0,26.19,46.57,1014.73,52599.0,4.0,7.0,10.0,13.0,98.0,14.0,0.0,60.0,ON
2026-06-26 12:16:26,144.0,2026-06-18,12:02:21,141.0,25.5,54.1,26.45,45.51,1014.52,14022.0,26.2,46.56,1014.73,52373.0,4.0,7.0,10.0,13.0,98.0,14.0,0.0,60.0,ON
2026-06-26 12:16:28,146.26,2026-06-18,12:02:23,143.0,25.5,53.94,26.45,45.46,1014.52,12650.0,26.2,46.57,1014.73,51118.0,4.0,7.0,10.0,13.0,100.0,14.0,0.0,60.0,ON
2026-06-26 12:16:30,148.53,2026-06-18,12:02:26,146.0,25.5,53.93,26.45,45.47,1014.53,12070.0,26.2,46.56,1014.74,50097.0,4.0,7.0,10.0,13.0,99.0,14.0,0.0,60.0,ON
2026-06-26 12:16:32,150.8,2026-06-18,12:02:28,148.0,25.49,54.22,26.45,45.46,1014.53,13085.0,26.2,46.56,1014.75,48892.0,4.0,7.0,10.0,13.0,99.0,14.0,0.0,60.0,ON
2026-06-26 12:16:35,153.06,2026-06-18,12:02:30,150.0,25.51,54.2,26.45,45.42,1014.54,15094.0,26.2,46.57,1014.74,48724.0,4.0,7.0,10.0,13.0,99.0,14.0,0.0,60.0,ON
2026-06-26 12:16:37,155.33,2026-06-18,12:02:32,152.0,25.5,54.21,26.45,45.41,1014.54,13490.0,26.2,46.57,1014.74,47823.0,4.0,7.0,10.0,13.0,98.0,14.0,0.0,60.0,ON
2026-06-26 12:16:39,157.59,2026-06-18,12:02:35,155.0,25.49,54.29,26.45,45.48,1014.54,12502.0,26.2,46.58,1014.75,47823.0,3.0,7.0,10.0,13.0,99.0,14.0,0.0,60.0,ON
2026-06-26 12:16:41,159.86,2026-06-18,12:02:37,157.0,25.51,54.45,26.45,45.58,1014.54,12495.0,26.2,46.58,1014.75,48613.0,4.0,7.0,10.0,12.0,98.0,14.0,0.0,60.0,ON
2026-06-26 12:16:44,162.13,2026-06-18,12:02:39,159.0,25.5,54.37,26.45,45.51,1014.54,13813.0,26.2,46.57,1014.75,49718.0,3.0,7.0,10.0,12.0,97.0,14.0,0.0,60.0,ON
2026-06-26 12:16:46,164.39,2026-06-18,12:02:42,162.0,25.51,54.33,26.46,45.47,1014.54,13922.0,26.2,46.55,1014.75,48976.0,4.0,7.0,11.0,13.0,98.0,14.0,0.0,60.0,ON
2026-06-26 12:16:48,166.66,2026-06-18,12:02:44,164.0,25.5,54.29,26.46,45.54,1014.53,14285.0,26.2,46.54,1014.76,45812.0,4.0,7.0,10.0,13.0,98.0,14.0,0.0,60.0,ON
2026-06-26 12:16:50,168.93,2026-06-18,12:02:46,166.0,25.51,54.32,26.46,45.66,1014.54,15892.0,26.2,46.55,1014.76,43656.0,4.0,7.0,10.0,13.0,98.0,14.0,0.0,60.0,ON
2026-06-26 12:16:53,171.19,2026-06-18,12:02:48,168.0,25.51,54.57,26.46,45.72,1014.54,14558.0,26.2,46.56,1014.76,41693.0,4.0,7.0,10.0,13.0,98.0,14.0,0.0,60.0,ON
2026-06-26 12:16:55,173.46,2026-06-18,12:02:51,171.0,25.49,54.76,26.46,45.71,1014.54,14588.0,26.2,46.61,1014.76,40429.0,4.0,7.0,10.0,13.0,97.0,14.0,0.0,60.0,ON
2026-06-26 12:16:57,175.72,2026-06-18,12:02:53,173.0,25.51,54.83,26.46,45.77,1014.54,12251.0,26.2,46.65,1014.77,39421.0,4.0,7.0,10.0,12.0,97.0,14.0,0.0,60.0,ON
2026-06-26 12:17:00,177.99,2026-06-18,12:02:55,175.0,25.51,54.69,26.46,45.81,1014.54,14041.0,26.21,46.67,1014.77,39095.0,4.0,7.0,10.0,13.0,98.0,14.0,0.0,60.0,ON
2026-06-26 12:17:02,180.26,2026-06-18,12:02:57,177.0,25.51,54.62,26.46,45.81,1014.55,15388.0,26.2,46.67,1014.77,39348.0,4.0,7.0,9.0,12.0,93.0,14.0,0.0,60.0,ON
2026-06-26 12:17:04,182.52,2026-06-18,12:03:00,180.0,25.5,54.49,26.47,45.8,1014.56,15833.0,26.21,46.66,1014.77,41653.0,4.0,6.0,9.0,11.0,87.0,12.0,0.0,60.0,ON
2026-06-26 12:17:06,184.79,2026-06-18,12:03:02,182.0,25.51,54.29,26.47,45.82,1014.56,16701.0,26.21,46.63,1014.78,43835.0,3.0,6.0,8.0,12.0,83.0,12.0,0.0,60.0,ON
2026-06-26 12:17:09,187.05,2026-06-18,12:03:04,184.0,25.51,54.26,26.47,45.88,1014.56,16456.0,26.21,46.62,1014.78,45519.0,3.0,5.0,8.0,11.0,84.0,12.0,0.0,60.0,ON
2026-06-26 12:17:11,189.32,2026-06-18,12:03:06,186.0,25.51,54.44,26.47,45.85,1014.56,15869.0,26.21,46.6,1014.78,47850.0,14.0,26.0,41.0,55.0,271.0,52.0,0.0,60.0,ON
2026-06-26 12:17:13,191.58,2026-06-18,12:03:09,189.0,25.5,54.5,26.47,45.79,1014.56,14904.0,26.21,46.58,1014.78,49174.0,13.0,37.0,33.0,51.0,104.0,10.0,0.0,60.0,ON
2026-06-26 12:17:15,193.85,2026-06-18,12:03:11,191.0,25.51,54.41,26.48,45.78,1014.56,15245.0,26.21,46.58,1014.78,50813.0,1.0,1.0,1.0,3.0,16.0,2.0,0.0,60.0,ON
2026-06-26 12:17:18,196.11,2026-06-18,12:03:13,193.0,25.5,54.23,26.48,45.66,1014.56,16780.0,26.21,46.55,1014.79,54237.0,1.0,0.0,1.0,2.0,15.0,2.0,0.0,60.0,ON
2026-06-26 12:17:20,198.38,2026-06-18,12:03:15,195.0,25.52,53.8,26.48,45.53,1014.56,17021.0,26.21,46.51,1014.79,57840.0,1.0,1.0,0.0,2.0,14.0,2.0,0.0,60.0,ON
2026-06-26 12:17:22,200.65,2026-06-18,12:03:18,198.0,25.5,53.92,26.48,45.49,1014.57,16688.0,26.22,46.48,1014.79,60037.0,1.0,1.0,1.0,2.0,14.0,2.0,0.0,60.0,ON
2026-06-26 12:17:24,202.91,2026-06-18,12:03:20,200.0,25.52,54.07,26.49,45.41,1014.57,17227.0,26.22,46.45,1014.79,60420.0,0.0,1.0,1.0,2.0,15.0,2.0,0.0,60.0,ON
2026-06-26 12:17:27,205.18,2026-06-18,12:03:22,202.0,25.51,54.17,26.49,45.32,1014.57,18740.0,26.22,46.45,1014.8,57644.0,1.0,1.0,1.0,3.0,16.0,2.0,0.0,60.0,ON
2026-06-26 12:17:29,207.45,2026-06-18,12:03:25,205.0,25.51,54.23,26.49,45.19,1014.57,20157.0,26.22,46.45,1014.79,52053.0,0.0,1.0,1.0,3.0,27.0,4.0,0.0,60.0,ON
2026-06-26 12:17:31,209.71,2026-06-18,12:03:27,207.0,25.53,54.16,26.49,45.11,1014.57,21411.0,26.22,46.45,1014.79,46664.0,1.0,2.0,3.0,6.0,39.0,6.0,0.0,60.0,ON
2026-06-26 12:17:34,211.98,2026-06-18,12:03:29,209.0,25.52,54.08,26.5,45.05,1014.57,21985.0,26.22,46.44,1014.79,44244.0,0.0,1.0,1.0,3.0,18.0,2.0,0.0,60.0,ON
2026-06-26 12:17:36,214.24,2026-06-18,12:03:31,211.0,25.53,53.95,26.5,45.01,1014.57,22783.0,26.22,46.44,1014.79,43083.0,0.0,0.0,0.0,1.0,12.0,2.0,0.0,60.0,ON
2026-06-26 12:17:38,216.51,2026-06-18,12:03:34,214.0,25.54,53.57,26.5,45.0,1014.57,24019.0,26.23,46.41,1014.79,42609.0,1.0,2.0,3.0,6.0,37.0,6.0,0.0,60.0,ON
2026-06-26 12:17:40,218.78,2026-06-18,12:03:36,216.0,25.53,53.58,26.51,45.0,1014.58,23659.0,26.23,46.41,1014.79,42609.0,2.0,2.0,3.0,6.0,39.0,6.0,0.0,60.0,ON
2026-06-26 12:17:43,221.04,2026-06-18,12:03:38,218.0,25.53,53.71,26.51,45.14,1014.59,23568.0,26.23,46.42,1014.79,42398.0,0.0,1.0,0.0,2.0,14.0,2.0,0.0,60.0,ON
2026-06-26 12:17:45,223.31,2026-06-18,12:03:40,220.0,25.53,53.63,26.51,45.24,1014.58,22614.0,26.23,46.44,1014.79,41980.0,1.0,1.0,0.0,1.0,12.0,2.0,0.0,60.0,ON
2026-06-26 12:17:47,225.58,2026-06-18,12:03:43,223.0,25.53,53.73,26.51,45.32,1014.58,20408.0,26.23,46.46,1014.8,41531.0,1.0,1.0,1.0,3.0,18.0,2.0,0.0,60.0,ON
2026-06-26 12:17:49,227.84,2026-06-18,12:03:45,225.0,25.54,54.08,26.52,45.35,1014.59,18658.0,26.24,46.5,1014.8,41531.0,0.0,1.0,1.0,3.0,21.0,4.0,0.0,60.0,ON
2026-06-26 12:17:52,230.11,2026-06-18,12:03:47,227.0,25.53,54.22,26.52,45.33,1014.6,16406.0,26.24,46.55,1014.81,41250.0,1.0,1.0,1.0,3.0,20.0,4.0,0.0,60.0,ON
2026-06-26 12:17:54,232.37,2026-06-18,12:03:49,229.0,25.53,54.2,26.52,45.27,1014.6,16980.0,26.24,46.61,1014.8,40973.0,1.0,1.0,1.0,3.0,20.0,4.0,0.0,60.0,ON
2026-06-26 12:17:56,234.64,2026-06-18,12:03:52,232.0,25.54,54.14,26.52,45.21,1014.59,18577.0,26.24,46.69,1014.8,40855.0,1.0,2.0,2.0,4.0,33.0,4.0,0.0,60.0,ON
2026-06-26 12:17:58,236.9,2026-06-18,12:03:54,234.0,25.54,53.86,26.52,45.18,1014.61,18577.0,26.24,46.72,1014.81,44290.0,1.0,1.0,2.0,4.0,28.0,4.0,0.0,60.0,ON
2026-06-26 12:18:01,239.17,2026-06-18,12:03:56,236.0,25.55,53.74,26.53,45.21,1014.6,18906.0,26.25,46.57,1014.81,53255.0,0.0,1.0,2.0,4.0,28.0,4.0,0.0,60.0,ON
2026-06-26 12:18:03,241.44,2026-06-18,12:03:58,238.0,25.53,53.6,26.53,45.18,1014.6,18974.0,26.25,46.38,1014.79,61553.0,1.0,1.0,2.0,4.0,28.0,4.0,0.0,60.0,ON
2026-06-26 12:18:05,243.7,2026-06-18,12:04:01,241.0,25.54,53.11,26.53,45.0,1014.6,19196.0,26.26,46.41,1014.79,57181.0,1.0,1.0,2.0,4.0,29.0,4.0,0.0,60.0,ON
2026-06-26 12:18:08,245.97,2026-06-18,12:04:03,243.0,25.54,52.73,26.53,44.9,1014.6,16980.0,26.27,46.43,1014.78,58877.0,1.0,2.0,3.0,7.0,42.0,6.0,0.0,60.0,ON
2026-06-26 12:18:10,248.23,2026-06-18,12:04:05,245.0,25.53,52.66,26.53,44.9,1014.6,15344.0,26.28,46.36,1014.79,54724.0,2.0,2.0,3.0,7.0,43.0,6.0,0.0,60.0,ON
2026-06-26 12:18:12,250.5,2026-06-18,12:04:08,248.0,25.52,52.63,26.52,44.93,1014.61,15355.0,26.29,46.39,1014.79,29767.0,1.0,2.0,3.0,7.0,43.0,6.0,0.0,60.0,ON
2026-06-26 12:18:14,252.77,2026-06-18,12:04:10,250.0,25.52,52.45,26.52,44.85,1014.6,16806.0,26.29,46.47,1014.8,33613.0,1.0,2.0,3.0,7.0,42.0,6.0,0.0,60.0,ON
2026-06-26 12:18:17,255.03,2026-06-18,12:04:12,252.0,25.57,52.25,26.52,44.84,1014.6,16330.0,26.29,46.38,1014.79,40933.0,1.0,2.0,3.0,7.0,43.0,6.0,0.0,60.0,ON
2026-06-26 12:18:19,257.3,2026-06-18,12:04:14,254.0,25.59,52.26,26.52,44.91,1014.6,15988.0,26.29,46.25,1014.79,46613.0,2.0,2.0,3.0,7.0,43.0,6.0,0.0,60.0,ON
2026-06-26 12:18:21,259.57,2026-06-18,12:04:17,257.0,25.59,52.47,26.52,44.94,1014.6,15763.0,26.29,46.16,1014.78,50393.0,1.0,2.0,3.0,7.0,43.0,6.0,0.0,60.0,ON
2026-06-26 12:18:23,261.83,2026-06-18,12:04:19,259.0,25.58,52.76,26.52,44.91,1014.59,16060.0,26.29,46.07,1014.77,56424.0,2.0,2.0,3.0,7.0,43.0,6.0,0.0,60.0,ON
2026-06-26 12:18:26,264.1,2026-06-18,12:04:21,261.0,25.54,53.03,26.52,44.98,1014.59,15212.0,26.29,45.98,1014.78,63007.0,2.0,2.0,3.0,7.0,43.0,6.0,0.0,60.0,ON
2026-06-26 12:18:28,266.37,2026-06-18,12:04:23,263.0,25.55,53.09,26.52,45.05,1014.59,15410.0,26.28,45.91,1014.78,67121.0,2.0,1.0,3.0,7.0,44.0,6.0,0.0,60.0,ON
2026-06-26 12:18:30,268.63,2026-06-18,12:04:26,266.0,25.56,53.24,26.52,45.02,1014.59,14362.0,26.28,45.9,1014.77,67173.0,1.0,1.0,3.0,6.0,43.0,6.0,0.0,60.0,ON
2026-06-26 12:18:32,270.9,2026-06-18,12:04:28,268.0,25.58,53.51,26.52,45.03,1014.59,14780.0,26.27,45.93,1014.77,68632.0,1.0,2.0,3.0,7.0,43.0,6.0,0.0,60.0,ON
2026-06-26 12:18:35,273.16,2026-06-18,12:04:30,270.0,25.57,53.33,26.52,44.98,1014.59,14770.0,26.26,45.95,1014.78,75161.0,1.0,1.0,3.0,7.0,43.0,6.0,0.0,60.0,ON
2026-06-26 12:18:37,275.43,2026-06-18,12:04:32,272.0,25.55,52.97,26.52,44.89,1014.59,15245.0,26.24,45.98,1014.79,78048.0,2.0,2.0,3.0,7.0,43.0,6.0,0.0,60.0,ON
2026-06-26 12:18:39,277.69,2026-06-18,12:04:35,275.0,25.58,52.66,26.52,44.83,1014.58,15940.0,26.23,45.97,1014.79,77835.0,1.0,1.0,3.0,7.0,44.0,6.0,0.0,60.0,ON
2026-06-26 12:18:42,279.96,2026-06-18,12:04:37,277.0,25.53,52.56,26.52,44.79,1014.59,16280.0,26.22,45.97,1014.8,67173.0,2.0,2.0,3.0,7.0,44.0,6.0,0.0,60.0,ON
2026-06-26 12:18:44,282.22,2026-06-18,12:04:39,279.0,25.55,52.74,26.52,44.74,1014.6,17144.0,26.2,46.08,1014.8,52729.0,2.0,2.0,3.0,7.0,44.0,6.0,0.0,60.0,ON
2026-06-26 12:18:46,284.49,2026-06-18,12:04:41,281.0,25.55,52.76,26.52,44.7,1014.6,17817.0,26.18,46.18,1014.8,54935.0,2.0,2.0,3.0,7.0,44.0,6.0,0.0,60.0,ON
2026-06-26 12:18:48,286.76,2026-06-18,12:04:44,284.0,25.55,52.72,26.52,44.67,1014.59,17611.0,26.17,46.12,1014.79,61376.0,1.0,1.0,3.0,6.0,44.0,6.0,0.0,60.0,ON
2026-06-26 12:18:51,289.02,2026-06-18,12:04:46,286.0,25.54,52.56,26.52,44.68,1014.6,17847.0,26.15,46.13,1014.79,67173.0,1.0,1.0,3.0,7.0,44.0,6.0,0.0,60.0,ON
2026-06-26 12:18:53,291.29,2026-06-18,12:04:48,288.0,25.53,52.47,26.52,44.66,1014.59,17185.0,26.14,46.11,1014.78,71269.0,2.0,2.0,3.0,7.0,44.0,6.0,0.0,60.0,ON
2026-06-26 12:18:55,293.55,2026-06-18,12:04:51,291.0,25.59,52.49,26.52,44.64,1014.59,17185.0,26.12,46.09,1014.79,75694.0,2.0,2.0,3.0,7.0,44.0,6.0,0.0,60.0,ON
2026-06-26 12:18:57,295.82,2026-06-18,12:04:53,293.0,25.59,52.6,26.52,44.63,1014.59,17684.0,26.11,46.08,1014.78,79950.0,1.0,2.0,3.0,7.0,44.0,6.0,0.0,60.0,ON
2026-06-26 12:19:00,298.09,2026-06-18,12:04:55,295.0,25.54,52.63,26.52,44.61,1014.58,18593.0,26.09,46.17,1014.78,84712.0,2.0,1.0,3.0,7.0,44.0,6.0,0.0,60.0,ON
2026-06-26 12:19:02,300.35,2026-06-18,12:04:57,297.0,25.55,52.55,26.52,44.53,1014.58,18823.0,26.07,46.25,1014.77,87134.0,1.0,1.0,3.0,6.0,44.0,6.0,0.0,60.0,ON
2026-06-26 12:19:04,302.62,2026-06-18,12:05:00,300.0,25.55,52.42,26.52,44.48,1014.57,19894.0,26.06,46.33,1014.78,84544.0,2.0,2.0,3.0,7.0,44.0,6.0,0.0,60.0,ON
2026-06-26 12:19:06,304.88,2026-06-18,12:05:02,302.0,25.63,52.39,26.52,44.46,1014.57,22168.0,26.04,46.36,1014.77,82341.0,2.0,2.0,3.0,7.0,44.0,6.0,0.0,60.0,ON
2026-06-26 12:19:09,307.15,2026-06-18,12:05:04,304.0,25.63,52.4,26.52,44.43,1014.57,24990.0,26.03,46.46,1014.77,65322.0,2.0,2.0,3.0,7.0,44.0,6.0,0.0,60.0,ON
2026-06-26 12:19:11,309.42,2026-06-18,12:05:06,306.0,25.63,52.47,26.52,44.34,1014.56,27239.0,26.01,46.6,1014.77,54410.0,1.0,2.0,3.0,7.0,44.0,6.0,0.0,60.0,ON
2026-06-26 12:19:13,311.68,2026-06-18,12:05:09,309.0,25.59,52.48,26.52,44.26,1014.56,29057.0,26.0,46.74,1014.76,45812.0,1.0,2.0,3.0,7.0,44.0,6.0,0.0,60.0,ON
2026-06-26 12:19:16,313.95,2026-06-18,12:05:11,311.0,25.6,52.34,26.52,44.2,1014.56,30124.0,25.98,46.76,1014.77,48039.0,2.0,2.0,3.0,7.0,44.0,6.0,0.0,60.0,ON
2026-06-26 12:19:18,316.22,2026-06-18,12:05:13,313.0,25.62,52.2,26.52,44.19,1014.57,26845.0,25.96,46.77,1014.77,58959.0,2.0,2.0,3.0,7.0,44.0,6.0,0.0,60.0,ON
2026-06-26 12:19:20,318.48,2026-06-18,12:05:15,315.0,25.6,52.2,26.52,44.24,1014.58,22519.0,25.94,46.67,1014.77,69754.0,2.0,2.0,3.0,7.0,44.0,6.0,0.0,60.0,ON
2026-06-26 12:19:22,320.75,2026-06-18,12:05:18,318.0,25.61,52.31,26.52,44.33,1014.58,19875.0,25.92,46.59,1014.78,76853.0,1.0,2.0,3.0,7.0,43.0,6.0,0.0,60.0,ON
2026-06-26 12:19:25,323.01,2026-06-18,12:05:20,320.0,25.63,52.34,26.52,44.46,1014.58,18940.0,25.91,46.51,1014.78,79503.0,2.0,2.0,3.0,7.0,44.0,6.0,0.0,60.0,ON
2026-06-26 12:19:27,325.28,2026-06-18,12:05:22,322.0,25.63,52.47,26.52,44.56,1014.58,18465.0,25.89,46.41,1014.79,84628.0,2.0,2.0,3.0,7.0,44.0,6.0,0.0,60.0,ON
2026-06-26 12:19:29,327.54,2026-06-18,12:05:25,325.0,25.63,52.52,26.52,44.57,1014.59,18481.0,25.88,46.36,1014.78,81710.0,2.0,2.0,3.0,7.0,44.0,6.0,0.0,60.0,ON
2026-06-26 12:19:31,329.81,2026-06-18,12:05:27,327.0,25.59,52.5,26.52,44.55,1014.6,17510.0,25.87,46.34,1014.78,84628.0,2.0,2.0,3.0,6.0,44.0,6.0,0.0,60.0,ON
2026-06-26 12:19:34,332.07,2026-06-18,12:05:29,329.0,25.61,52.68,26.52,44.55,1014.6,16688.0,25.85,46.31,1014.78,82421.0,2.0,2.0,3.0,7.0,44.0,6.0,0.0,60.0,ON
2026-06-26 12:19:36,334.34,2026-06-18,12:05:31,331.0,25.57,52.82,26.52,44.52,1014.61,16494.0,25.84,46.31,1014.78,79950.0,1.0,2.0,3.0,7.0,44.0,6.0,0.0,60.0,ON
2026-06-26 12:19:38,336.61,2026-06-18,12:05:34,334.0,25.59,52.71,26.52,44.48,1014.61,16305.0,25.83,46.34,1014.79,79355.0,2.0,2.0,3.0,7.0,44.0,6.0,0.0,60.0,ON
2026-06-26 12:19:40,338.87,2026-06-18,12:05:36,336.0,25.57,52.76,26.52,44.46,1014.61,16533.0,25.82,46.41,1014.79,80477.0,2.0,2.0,3.0,6.0,44.0,6.0,0.0,60.0,ON
2026-06-26 12:19:43,341.14,2026-06-18,12:05:38,338.0,25.58,52.53,26.52,44.43,1014.6,16833.0,25.81,46.52,1014.8,78263.0,2.0,2.0,3.0,7.0,44.0,6.0,0.0,60.0,ON
2026-06-26 12:19:45,343.41,2026-06-18,12:05:40,340.0,25.56,52.59,26.52,44.43,1014.6,17524.0,25.8,46.59,1014.8,73542.0,1.0,2.0,3.0,6.0,44.0,6.0,0.0,60.0,ON
2026-06-26 12:19:47,345.67,2026-06-18,12:05:43,343.0,25.54,52.68,26.52,44.44,1014.6,15466.0,25.79,46.64,1014.8,67386.0,1.0,2.0,3.0,7.0,44.0,6.0,0.0,60.0,ON
2026-06-26 12:19:50,347.94,2026-06-18,12:05:45,345.0,25.55,52.69,26.52,44.45,1014.6,16546.0,25.78,46.69,1014.8,64974.0,2.0,2.0,3.0,7.0,44.0,6.0,0.0,60.0,ON
2026-06-26 12:19:52,350.21,2026-06-18,12:05:47,347.0,25.56,52.27,26.52,44.46,1014.61,17438.0,25.77,46.73,1014.8,69697.0,1.0,1.0,3.0,7.0,44.0,6.0,0.0,60.0,ON
2026-06-26 12:19:54,352.47,2026-06-18,12:05:49,349.0,25.62,52.08,26.52,44.44,1014.61,16806.0,25.76,46.71,1014.8,73038.0,2.0,2.0,3.0,7.0,44.0,6.0,0.0,60.0,ON
2026-06-26 12:19:56,354.74,2026-06-18,12:05:52,352.0,25.59,52.24,26.52,44.46,1014.62,17311.0,25.75,46.69,1014.8,69697.0,2.0,2.0,3.0,7.0,44.0,6.0,0.0,60.0,ON
2026-06-26 12:19:59,357.01,2026-06-18,12:05:54,354.0,25.62,52.47,26.51,44.5,1014.63,15533.0,25.75,46.68,1014.81,76032.0,2.0,2.0,3.0,7.0,43.0,6.0,0.0,60.0,ON
2026-06-26 12:20:01,359.27,2026-06-18,12:05:56,356.0,25.6,52.55,26.51,44.55,1014.62,13849.0,25.74,46.65,1014.81,78914.0,1.0,2.0,3.0,7.0,44.0,6.0,0.0,60.0,ON
2026-06-26 12:20:03,361.53,2026-06-18,12:05:58,358.0,25.59,52.66,26.51,44.62,1014.62,13913.0,25.73,46.65,1014.81,76509.0,1.0,2.0,3.0,7.0,42.0,6.0,0.0,60.0,ON
2026-06-26 12:20:05,363.8,2026-06-18,12:06:01,361.0,25.56,52.87,26.51,44.62,1014.62,15191.0,25.73,46.7,1014.81,75896.0,0.0,1.0,2.0,4.0,29.0,4.0,0.0,60.0,ON
2026-06-26 12:20:08,366.07,2026-06-18,12:06:03,363.0,25.59,52.99,26.51,44.58,1014.62,15311.0,25.72,46.74,1014.81,73669.0,1.0,2.0,2.0,5.0,31.0,6.0,0.0,60.0,ON
2026-06-26 12:20:10,368.33,2026-06-18,12:06:05,365.0,25.59,52.94,26.51,44.56,1014.62,15500.0,25.72,46.77,1014.81,69357.0,0.0,0.0,2.0,4.0,29.0,4.0,0.0,60.0,ON
2026-06-26 12:20:12,370.6,2026-06-18,12:06:08,368.0,25.59,52.85,26.51,44.56,1014.63,15904.0,25.71,46.86,1014.81,34934.0,1.0,1.0,2.0,5.0,30.0,4.0,0.0,60.0,ON
2026-06-26 12:20:14,372.86,2026-06-18,12:06:10,370.0,25.58,52.82,26.51,44.57,1014.63,16980.0,25.7,47.1,1014.81,31318.0,1.0,2.0,2.0,5.0,32.0,6.0,0.0,60.0,ON
2026-06-26 12:20:17,375.13,2026-06-18,12:06:12,372.0,25.58,52.63,26.51,44.56,1014.63,18275.0,25.7,47.23,1014.81,31503.0,2.0,2.0,2.0,5.0,31.0,6.0,0.0,60.0,ON
2026-06-26 12:20:19,377.4,2026-06-18,12:06:14,374.0,25.55,52.11,26.51,44.59,1014.62,20605.0,25.69,47.33,1014.8,30977.0,2.0,2.0,2.0,5.0,36.0,6.0,0.0,60.0,ON
2026-06-26 12:20:21,379.66,2026-06-18,12:06:17,377.0,25.59,52.07,26.51,44.6,1014.62,21962.0,25.68,47.41,1014.8,34178.0,1.0,2.0,2.0,5.0,34.0,6.0,0.0,60.0,ON
2026-06-26 12:20:23,381.92,2026-06-18,12:06:19,379.0,25.59,52.27,26.51,44.65,1014.62,21199.0,25.68,47.39,1014.79,42652.0,1.0,0.0,2.0,4.0,28.0,4.0,0.0,60.0,ON
2026-06-26 12:20:26,384.19,2026-06-18,12:06:21,381.0,25.63,52.47,26.52,44.73,1014.62,20176.0,25.67,47.37,1014.79,52991.0,1.0,2.0,3.0,6.0,40.0,6.0,0.0,60.0,ON
2026-06-26 12:20:28,386.46,2026-06-18,12:06:23,383.0,25.59,52.28,26.52,44.82,1014.62,18513.0,25.67,47.56,1014.8,57722.0,1.0,2.0,3.0,5.0,33.0,6.0,0.0,60.0,ON
2026-06-26 12:20:30,388.73,2026-06-18,12:06:26,386.0,25.62,52.04,26.52,44.91,1014.62,18043.0,25.66,47.69,1014.8,58796.0,1.0,1.0,2.0,4.0,35.0,6.0,0.0,60.0,ON
2026-06-26 12:20:33,390.99,2026-06-18,12:06:28,388.0,25.6,52.15,26.52,44.95,1014.61,18545.0,25.66,47.75,1014.8,20291.0,1.0,1.0,2.0,4.0,30.0,6.0,0.0,60.0,ON
2026-06-26 12:20:35,393.26,2026-06-18,12:06:30,390.0,25.59,52.14,26.52,44.93,1014.61,19317.0,25.66,47.86,1014.8,21761.0,1.0,2.0,2.0,5.0,34.0,6.0,0.0,60.0,ON
2026-06-26 12:20:37,395.53,2026-06-18,12:06:32,392.0,25.59,52.18,26.52,44.85,1014.6,20585.0,25.66,48.05,1014.8,15940.0,0.0,1.0,2.0,4.0,30.0,6.0,0.0,60.0,ON
2026-06-26 12:20:39,397.79,2026-06-18,12:06:35,395.0,25.6,52.23,26.52,44.78,1014.61,18561.0,25.66,48.25,1014.8,20233.0,0.0,1.0,2.0,4.0,30.0,6.0,0.0,60.0,ON
2026-06-26 12:20:42,400.06,2026-06-18,12:06:37,397.0,25.62,52.39,26.53,44.72,1014.61,17713.0,25.67,48.31,1014.81,22519.0,1.0,2.0,2.0,5.0,31.0,4.0,0.0,60.0,ON
2026-06-26 12:20:44,402.32,2026-06-18,12:06:39,399.0,25.64,52.58,26.53,44.74,1014.61,16833.0,25.67,48.58,1014.8,14059.0,1.0,1.0,2.0,5.0,37.0,6.0,0.0,60.0,ON
2026-06-26 12:20:46,404.59,2026-06-18,12:06:41,401.0,25.59,52.76,26.53,44.76,1014.6,14699.0,25.67,49.62,1014.82,11224.0,1.0,2.0,2.0,6.0,37.0,6.0,0.0,60.0,ON
2026-06-26 12:20:48,406.86,2026-06-18,12:06:44,404.0,25.57,53.03,26.53,44.82,1014.61,13707.0,25.68,50.33,1014.81,11038.0,2.0,2.0,2.0,6.0,40.0,6.0,0.0,60.0,ON
2026-06-26 12:20:51,409.12,2026-06-18,12:06:46,406.0,25.59,53.23,26.53,44.91,1014.62,13053.0,25.68,50.64,1014.82,11247.0,2.0,2.0,2.0,6.0,38.0,6.0,0.0,60.0,ON
2026-06-26 12:20:53,411.39,2026-06-18,12:06:48,408.0,25.6,53.34,26.53,44.99,1014.62,12307.0,25.69,50.95,1014.82,7976.0,2.0,2.0,3.0,7.0,47.0,8.0,0.0,60.0,ON
2026-06-26 12:20:55,413.65,2026-06-18,12:06:51,411.0,25.62,53.55,26.53,45.04,1014.62,11130.0,25.69,51.11,1014.82,10536.0,2.0,2.0,3.0,6.0,42.0,6.0,0.0,60.0,ON
2026-06-26 12:20:57,415.91,2026-06-18,12:06:53,413.0,25.61,53.59,26.54,45.05,1014.62,10454.0,25.69,50.67,1014.82,12465.0,1.0,1.0,3.0,7.0,44.0,6.0,0.0,60.0,ON
2026-06-26 12:21:00,418.18,2026-06-18,12:06:55,415.0,25.61,53.53,26.54,45.05,1014.62,9598.0,25.7,50.26,1014.83,16899.0,2.0,1.0,3.0,7.0,42.0,6.0,0.0,60.0,ON
2026-06-26 12:21:02,420.45,2026-06-18,12:06:57,417.0,25.62,53.35,26.54,45.15,1014.63,10322.0,25.7,49.85,1014.83,17952.0,2.0,2.0,2.0,6.0,40.0,6.0,0.0,60.0,ON
2026-06-26 12:21:04,422.71,2026-06-18,12:07:00,420.0,25.6,53.28,26.54,45.31,1014.62,11015.0,25.71,49.72,1014.82,18012.0,2.0,2.0,3.0,7.0,42.0,6.0,0.0,60.0,ON
2026-06-26 12:21:07,424.98,2026-06-18,12:07:02,422.0,25.59,53.42,26.54,45.35,1014.62,10981.0,25.71,49.48,1014.82,25019.0,1.0,1.0,3.0,7.0,49.0,8.0,0.0,60.0,ON
2026-06-26 12:21:09,427.24,2026-06-18,12:07:04,424.0,25.62,53.5,26.54,45.33,1014.62,9321.0,25.72,48.95,1014.82,32315.0,2.0,2.0,3.0,7.0,46.0,8.0,0.0,60.0,ON
2026-06-26 12:21:11,429.51,2026-06-18,12:07:06,426.0,25.62,53.39,26.54,45.28,1014.63,9563.0,25.73,48.48,1014.82,34848.0,0.0,1.0,2.0,5.0,31.0,4.0,0.0,60.0,ON
2026-06-26 12:21:13,431.78,2026-06-18,12:07:09,429.0,25.63,53.27,26.54,45.26,1014.62,10292.0,25.74,48.19,1014.82,36086.0,0.0,1.0,2.0,4.0,32.0,4.0,0.0,60.0,ON
2026-06-26 12:21:16,434.04,2026-06-18,12:07:11,431.0,25.62,53.33,26.54,45.25,1014.63,10936.0,25.75,47.95,1014.82,42146.0,1.0,1.0,2.0,5.0,35.0,6.0,0.0,60.0,ON
2026-06-26 12:21:18,436.31,2026-06-18,12:07:13,433.0,25.6,53.42,26.55,45.23,1014.62,11514.0,25.77,47.75,1014.82,43835.0,1.0,1.0,2.0,4.0,30.0,4.0,0.0,60.0,ON
2026-06-26 12:21:20,438.57,2026-06-18,12:07:15,435.0,25.62,53.46,26.54,45.23,1014.63,12050.0,25.79,47.87,1014.82,43126.0,1.0,0.0,2.0,4.0,30.0,4.0,0.0,60.0,ON
2026-06-26 12:21:22,440.84,2026-06-18,12:07:18,438.0,25.63,53.48,26.55,45.26,1014.62,12502.0,25.81,48.09,1014.83,40738.0,1.0,2.0,2.0,5.0,32.0,4.0,0.0,60.0,ON
2026-06-26 12:21:25,443.11,2026-06-18,12:07:20,440.0,25.61,53.46,26.54,45.24,1014.62,12400.0,25.85,48.46,1014.82,37350.0,0.0,0.0,2.0,4.0,31.0,4.0,0.0,60.0,ON
2026-06-26 12:21:27,445.37,2026-06-18,12:07:22,442.0,25.63,53.55,26.54,45.18,1014.62,12771.0,25.88,48.95,1014.82,35844.0,1.0,1.0,2.0,5.0,33.0,4.0,0.0,60.0,ON
2026-06-26 12:21:29,447.64,2026-06-18,12:07:24,444.0,25.63,53.65,26.54,45.11,1014.62,13231.0,25.92,49.68,1014.83,32938.0,1.0,1.0,2.0,5.0,32.0,4.0,0.0,60.0,ON
2026-06-26 12:21:31,449.91,2026-06-18,12:07:27,447.0,25.63,53.65,26.54,45.03,1014.62,14285.0,25.97,50.69,1014.83,32364.0,1.0,1.0,2.0,5.0,34.0,6.0,0.0,60.0,ON
2026-06-26 12:21:34,452.17,2026-06-18,12:07:29,449.0,25.63,53.8,26.55,44.92,1014.62,15041.0,26.01,51.33,1014.83,32072.0,2.0,1.0,2.0,6.0,39.0,6.0,0.0,60.0,ON
2026-06-26 12:21:36,454.44,2026-06-18,12:07:31,451.0,25.62,53.73,26.54,44.8,1014.62,16231.0,26.05,51.39,1014.84,35575.0,2.0,2.0,2.0,6.0,40.0,6.0,0.0,60.0,ON
2026-06-26 12:21:38,456.7,2026-06-18,12:07:34,454.0,25.63,53.53,26.55,44.79,1014.62,15366.0,26.08,50.41,1014.83,41693.0,1.0,2.0,3.0,7.0,47.0,8.0,0.0,60.0,ON
2026-06-26 12:21:41,458.97,2026-06-18,12:07:36,456.0,25.63,53.46,26.54,44.86,1014.63,14709.0,26.11,49.34,1014.83,45960.0,2.0,2.0,3.0,6.0,44.0,6.0,0.0,60.0,ON
2026-06-26 12:21:43,461.24,2026-06-18,12:07:38,458.0,25.62,53.45,26.54,44.95,1014.63,14209.0,26.14,48.44,1014.83,48503.0,1.0,1.0,4.0,7.0,49.0,8.0,0.0,60.0,ON
2026-06-26 12:21:45,463.5,2026-06-18,12:07:40,460.0,25.63,53.49,26.54,45.04,1014.64,13646.0,26.17,47.82,1014.84,46511.0,1.0,1.0,2.0,5.0,34.0,4.0,0.0,60.0,ON
2026-06-26 12:21:47,465.77,2026-06-18,12:07:43,463.0,25.64,53.48,26.54,45.13,1014.63,13405.0,26.19,47.51,1014.84,44568.0,1.0,1.0,2.0,5.0,37.0,6.0,0.0,60.0,ON
2026-06-26 12:21:50,468.03,2026-06-18,12:07:45,465.0,25.63,53.53,26.54,45.11,1014.62,13611.0,26.21,47.31,1014.84,45616.0,2.0,1.0,2.0,6.0,40.0,6.0,0.0,60.0,ON
2026-06-26 12:21:52,470.3,2026-06-18,12:07:47,467.0,25.63,53.58,26.54,45.1,1014.62,13133.0,26.23,47.01,1014.84,46664.0,2.0,2.0,2.0,5.0,37.0,6.0,0.0,60.0,ON
2026-06-26 12:21:54,472.56,2026-06-18,12:07:49,469.0,25.63,53.61,26.54,45.07,1014.62,13628.0,26.24,46.74,1014.84,47985.0,1.0,2.0,2.0,4.0,36.0,6.0,0.0,60.0,ON
2026-06-26 12:21:56,474.83,2026-06-18,12:07:52,472.0,25.62,53.51,26.54,44.99,1014.61,13297.0,26.26,46.59,1014.84,44896.0,1.0,1.0,2.0,5.0,31.0,4.0,0.0,60.0,ON
2026-06-26 12:21:59,477.1,2026-06-18,12:07:54,474.0,25.63,53.44,26.54,45.02,1014.62,13101.0,26.28,47.04,1014.84,37713.0,1.0,1.0,2.0,5.0,30.0,4.0,0.0,60.0,ON
2026-06-26 12:22:01,479.36,2026-06-18,12:07:56,476.0,25.63,53.42,26.54,45.05,1014.63,13214.0,26.3,47.8,1014.84,38220.0,0.0,1.0,1.0,4.0,27.0,4.0,0.0,60.0,ON
2026-06-26 12:22:03,481.63,2026-06-18,12:07:58,478.0,25.63,53.39,26.54,45.07,1014.64,13021.0,26.32,49.07,1014.85,28783.0,0.0,1.0,1.0,4.0,26.0,4.0,0.0,60.0,ON
2026-06-26 12:22:05,483.89,2026-06-18,12:08:01,481.0,25.63,53.38,26.53,45.14,1014.64,12509.0,26.34,50.38,1014.85,30578.0,0.0,0.0,1.0,3.0,27.0,4.0,0.0,60.0,ON
2026-06-26 12:22:08,486.16,2026-06-18,12:08:03,483.0,25.63,53.52,26.53,45.15,1014.64,12458.0,26.36,50.26,1014.85,33586.0,2.0,2.0,2.0,5.0,39.0,6.0,0.0,60.0,ON
2026-06-26 12:22:10,488.43,2026-06-18,12:08:05,485.0,25.63,53.58,26.53,45.14,1014.63,12934.0,26.38,49.47,1014.84,35754.0,1.0,2.0,3.0,8.0,50.0,8.0,0.0,60.0,ON
2026-06-26 12:22:12,490.69,2026-06-18,12:08:07,487.0,25.63,53.59,26.53,45.07,1014.63,13524.0,26.41,48.89,1014.83,32913.0,1.0,2.0,4.0,8.0,53.0,8.0,0.0,60.0,ON
2026-06-26 12:22:15,492.96,2026-06-18,12:08:10,490.0,25.64,53.55,26.53,44.99,1014.63,13689.0,26.43,48.35,1014.83,32636.0,2.0,2.0,4.0,9.0,55.0,8.0,0.0,60.0,ON
2026-06-26 12:22:17,495.23,2026-06-18,12:08:12,492.0,25.63,53.54,26.53,44.99,1014.63,13414.0,26.45,48.12,1014.83,33934.0,2.0,2.0,4.0,9.0,55.0,8.0,0.0,60.0,ON
2026-06-26 12:22:19,497.49,2026-06-18,12:08:14,494.0,25.64,53.53,26.53,45.02,1014.62,13663.0,26.47,47.66,1014.82,36834.0,2.0,3.0,4.0,9.0,55.0,8.0,0.0,60.0,ON
2026-06-26 12:22:21,499.76,2026-06-18,12:08:17,497.0,25.61,53.39,26.53,45.05,1014.62,13986.0,26.49,47.13,1014.82,38392.0,1.0,2.0,4.0,8.0,53.0,8.0,0.0,60.0,ON
2026-06-26 12:22:24,502.02,2026-06-18,12:08:19,499.0,25.63,53.29,26.53,45.08,1014.62,14153.0,26.51,46.79,1014.82,38461.0,2.0,3.0,4.0,9.0,57.0,8.0,0.0,60.0,ON
2026-06-26 12:22:26,504.29,2026-06-18,12:08:21,501.0,25.63,53.37,26.52,45.11,1014.62,13778.0,26.52,46.59,1014.82,37155.0,2.0,2.0,4.0,9.0,59.0,8.0,0.0,60.0,ON
2026-06-26 12:22:28,506.56,2026-06-18,12:08:23,503.0,25.63,53.48,26.52,45.14,1014.62,13611.0,26.53,46.53,1014.83,37026.0,2.0,3.0,4.0,9.0,58.0,8.0,0.0,60.0,ON
2026-06-26 12:22:30,508.82,2026-06-18,12:08:26,506.0,25.63,53.4,26.52,45.11,1014.63,13725.0,26.54,46.45,1014.82,38882.0,1.0,3.0,4.0,9.0,57.0,8.0,0.0,60.0,ON
2026-06-26 12:22:33,511.09,2026-06-18,12:08:28,508.0,25.63,53.35,26.52,45.15,1014.63,13499.0,26.54,46.35,1014.83,38288.0,2.0,3.0,4.0,9.0,59.0,8.0,0.0,60.0,ON
2026-06-26 12:22:35,513.35,2026-06-18,12:08:30,510.0,25.63,53.34,26.52,45.12,1014.63,13769.0,26.55,46.38,1014.83,40087.0,3.0,2.0,4.0,9.0,59.0,8.0,0.0,60.0,ON
2026-06-26 12:22:37,515.62,2026-06-18,12:08:32,512.0,25.62,53.35,26.52,45.09,1014.62,14013.0,26.55,46.19,1014.83,43522.0,1.0,1.0,4.0,8.0,55.0,8.0,0.0,60.0,ON
2026-06-26 12:22:39,517.88,2026-06-18,12:08:35,515.0,25.63,53.3,26.51,45.03,1014.62,14528.0,26.55,46.0,1014.83,41653.0,1.0,1.0,3.0,5.0,39.0,6.0,0.0,60.0,ON
2026-06-26 12:22:42,520.15,2026-06-18,12:08:37,517.0,25.63,53.41,26.51,44.95,1014.62,15488.0,26.54,46.21,1014.83,27917.0,2.0,3.0,4.0,9.0,58.0,8.0,0.0,60.0,ON
2026-06-26 12:22:44,522.42,2026-06-18,12:08:39,519.0,25.62,53.34,26.51,44.86,1014.62,15659.0,26.54,46.26,1014.83,28822.0,2.0,2.0,4.0,9.0,59.0,8.0,0.0,60.0,ON
2026-06-26 12:22:46,524.68,2026-06-18,12:08:41,521.0,25.62,53.22,26.51,44.8,1014.62,15798.0,26.53,46.42,1014.82,27397.0,1.0,2.0,4.0,9.0,59.0,8.0,0.0,60.0,ON
2026-06-26 12:22:49,526.95,2026-06-18,12:08:44,524.0,25.62,53.18,26.51,44.8,1014.62,15500.0,26.53,46.65,1014.82,28841.0,2.0,3.0,4.0,9.0,59.0,8.0,0.0,60.0,ON
2026-06-26 12:22:51,529.22,2026-06-18,12:08:46,526.0,25.61,53.23,26.51,44.8,1014.62,15488.0,26.53,47.19,1014.83,28590.0,1.0,3.0,4.0,9.0,59.0,10.0,0.0,60.0,ON
2026-06-26 12:22:53,531.48,2026-06-18,12:08:48,528.0,25.62,53.19,26.5,44.78,1014.62,15869.0,26.52,47.26,1014.82,33988.0,2.0,2.0,3.0,7.0,45.0,8.0,0.0,60.0,ON
2026-06-26 12:22:55,533.75,2026-06-18,12:08:50,530.0,25.61,52.9,26.5,44.8,1014.61,16406.0,26.51,46.89,1014.82,36581.0,2.0,2.0,2.0,6.0,40.0,6.0,0.0,60.0,ON
2026-06-26 12:22:58,536.01,2026-06-18,12:08:53,533.0,25.62,52.87,26.5,44.84,1014.61,16048.0,26.51,46.85,1014.82,37058.0,1.0,2.0,2.0,5.0,37.0,6.0,0.0,60.0,ON
2026-06-26 12:23:00,538.28,2026-06-18,12:08:55,535.0,25.61,52.98,26.5,44.88,1014.61,16380.0,26.51,47.25,1014.82,31880.0,0.0,1.0,2.0,5.0,33.0,4.0,0.0,60.0,ON
2026-06-26 12:23:02,540.55,2026-06-18,12:08:57,537.0,25.62,52.62,26.5,44.84,1014.61,17438.0,26.52,48.84,1014.82,26661.0,2.0,2.0,2.0,6.0,37.0,6.0,0.0,60.0,ON
2026-06-26 12:23:04,542.81,2026-06-18,12:09:00,540.0,25.59,52.45,26.49,44.78,1014.61,18150.0,26.53,50.67,1014.83,26413.0,1.0,2.0,2.0,5.0,37.0,6.0,0.0,60.0,ON
2026-06-26 12:23:07,545.08,2026-06-18,12:09:02,542.0,25.64,52.54,26.49,44.71,1014.62,18561.0,26.54,51.73,1014.83,28400.0,2.0,2.0,3.0,8.0,48.0,8.0,0.0,60.0,ON
2026-06-26 12:23:09,547.34,2026-06-18,12:09:04,544.0,25.61,52.61,26.49,44.71,1014.63,17227.0,26.54,50.87,1014.83,32862.0,2.0,1.0,3.0,8.0,49.0,8.0,0.0,60.0,ON
2026-06-26 12:23:11,549.61,2026-06-18,12:09:06,546.0,25.58,52.65,26.49,44.81,1014.63,16218.0,26.55,49.66,1014.82,34042.0,1.0,2.0,2.0,6.0,38.0,6.0,0.0,60.0,ON
2026-06-26 12:23:13,551.88,2026-06-18,12:09:09,549.0,25.59,52.93,26.49,44.92,1014.62,15659.0,26.62,50.36,1014.83,25301.0,2.0,2.0,3.0,7.0,43.0,6.0,0.0,60.0,ON
2026-06-26 12:23:16,554.14,2026-06-18,12:09:11,551.0,25.61,53.11,26.49,44.99,1014.61,15455.0,26.67,51.74,1014.83,27205.0,1.0,1.0,4.0,9.0,54.0,8.0,0.0,60.0,ON
2026-06-26 12:23:18,556.41,2026-06-18,12:09:13,553.0,25.6,52.88,26.49,45.04,1014.62,15728.0,26.71,51.07,1014.85,30556.0,1.0,2.0,2.0,6.0,37.0,6.0,0.0,60.0,ON
2026-06-26 12:23:20,558.67,2026-06-18,12:09:15,555.0,25.6,52.51,26.49,45.07,1014.62,15845.0,26.73,49.98,1014.85,32462.0,1.0,3.0,4.0,9.0,56.0,8.0,0.0,60.0,ON
2026-06-26 12:23:23,560.94,2026-06-18,12:09:18,558.0,25.6,52.44,26.49,45.08,1014.62,15625.0,26.74,49.08,1014.85,32862.0,1.0,2.0,4.0,9.0,57.0,8.0,0.0,60.0,ON
2026-06-26 12:23:25,563.2,2026-06-18,12:09:20,560.0,25.64,52.46,26.48,45.06,1014.63,15344.0,26.75,48.84,1014.86,33481.0,1.0,2.0,4.0,8.0,57.0,8.0,0.0,60.0,ON
2026-06-26 12:23:27,565.47,2026-06-18,12:09:22,562.0,25.63,52.55,26.48,45.07,1014.64,15223.0,26.75,48.66,1014.86,32096.0,1.0,2.0,4.0,9.0,58.0,8.0,0.0,60.0,ON
2026-06-26 12:23:29,567.74,2026-06-18,12:09:24,564.0,25.6,52.67,26.48,45.08,1014.63,15115.0,26.74,48.56,1014.85,31691.0,2.0,3.0,4.0,9.0,57.0,8.0,0.0,60.0,ON
2026-06-26 12:23:32,570.0,2026-06-18,12:09:27,567.0,25.6,52.81,26.48,45.06,1014.62,15105.0,26.74,48.34,1014.85,32964.0,1.0,2.0,4.0,9.0,58.0,8.0,0.0,60.0,ON
2026-06-26 12:23:34,572.27,2026-06-18,12:09:29,569.0,25.59,52.87,26.48,45.07,1014.63,14935.0,26.73,48.24,1014.85,26348.0,2.0,3.0,4.0,9.0,57.0,8.0,0.0,60.0,ON
2026-06-26 12:23:36,574.53,2026-06-18,12:09:31,571.0,25.6,52.88,26.48,45.08,1014.63,15041.0,26.72,48.53,1014.84,21178.0,2.0,2.0,3.0,6.0,38.0,6.0,0.0,60.0,ON
2026-06-26 12:23:38,576.8,2026-06-18,12:09:33,573.0,25.61,52.99,26.48,45.09,1014.63,15556.0,26.71,48.62,1014.83,22662.0,2.0,2.0,2.0,4.0,35.0,6.0,0.0,60.0,ON
2026-06-26 12:23:41,579.07,2026-06-18,12:09:36,576.0,25.59,52.56,26.48,45.04,1014.62,16767.0,26.71,48.74,1014.82,22448.0,1.0,2.0,2.0,5.0,35.0,6.0,0.0,60.0,ON
2026-06-26 12:23:43,581.33,2026-06-18,12:09:38,578.0,25.58,51.41,26.48,44.96,1014.61,17743.0,26.71,49.32,1014.83,22214.0,1.0,2.0,3.0,6.0,42.0,6.0,0.0,60.0,ON
2026-06-26 12:23:45,583.6,2026-06-18,12:09:40,580.0,25.6,51.22,26.48,44.88,1014.61,18497.0,26.71,50.02,1014.83,23516.0,2.0,2.0,3.0,7.0,43.0,6.0,0.0,60.0,ON
2026-06-26 12:23:47,585.86,2026-06-18,12:09:43,583.0,25.6,51.53,26.48,44.84,1014.61,19024.0,26.7,50.01,1014.82,25452.0,2.0,2.0,3.0,7.0,43.0,6.0,0.0,60.0,ON
2026-06-26 12:23:50,588.13,2026-06-18,12:09:45,585.0,25.6,51.91,26.48,44.81,1014.61,18707.0,26.7,50.25,1014.81,22783.0,1.0,1.0,2.0,4.0,31.0,4.0,0.0,60.0,ON
2026-06-26 12:23:52,590.4,2026-06-18,12:09:47,587.0,25.6,52.19,26.47,44.88,1014.61,18058.0,26.71,50.7,1014.82,24279.0,1.0,1.0,1.0,4.0,28.0,4.0,0.0,60.0,ON
2026-06-26 12:23:54,592.66,2026-06-18,12:09:49,589.0,25.62,52.42,26.47,44.91,1014.61,17832.0,26.71,51.49,1014.83,19265.0,0.0,1.0,2.0,4.0,31.0,4.0,0.0,60.0,ON
2026-06-26 12:23:57,594.93,2026-06-18,12:09:52,592.0,25.63,52.55,26.47,44.95,1014.61,17325.0,26.72,54.7,1014.83,15786.0,1.0,1.0,2.0,5.0,31.0,4.0,0.0,60.0,ON
2026-06-26 12:23:59,597.19,2026-06-18,12:09:54,594.0,25.55,52.68,26.47,44.94,1014.61,17381.0,26.72,57.5,1014.83,16343.0,1.0,1.0,2.0,5.0,31.0,4.0,0.0,60.0,ON
2026-06-26 12:24:01,599.46,2026-06-18,12:09:56,596.0,25.56,52.85,26.47,44.96,1014.61,16940.0,26.73,58.55,1014.84,15728.0,1.0,0.0,1.0,4.0,26.0,4.0,0.0,60.0,ON
2026-06-26 12:24:03,601.72,2026-06-18,12:09:58,598.0,25.59,53.05,26.47,44.98,1014.61,16636.0,26.74,59.76,1014.85,14749.0,2.0,2.0,3.0,8.0,51.0,8.0,0.0,60.0,ON
2026-06-26 12:24:06,603.99,2026-06-18,12:10:01,601.0,25.59,53.11,26.47,44.97,1014.61,16558.0,26.75,60.57,1014.86,14668.0,1.0,1.0,4.0,9.0,54.0,8.0,0.0,60.0,ON
2026-06-26 12:24:08,606.26,2026-06-18,12:10:03,603.0,25.58,53.14,26.47,45.02,1014.61,15988.0,26.76,61.1,1014.87,14276.0,1.0,3.0,4.0,9.0,57.0,8.0,0.0,60.0,ON
2026-06-26 12:24:10,608.52,2026-06-18,12:10:05,605.0,25.59,53.12,26.47,45.06,1014.62,15717.0,26.77,61.6,1014.87,14115.0,1.0,2.0,4.0,9.0,58.0,8.0,0.0,60.0,ON
2026-06-26 12:24:12,610.79,2026-06-18,12:10:07,607.0,25.58,53.21,26.47,45.09,1014.62,15590.0,26.78,61.79,1014.88,14228.0,2.0,2.0,4.0,9.0,58.0,8.0,0.0,60.0,ON
2026-06-26 12:24:15,613.05,2026-06-18,12:10:10,610.0,25.61,53.2,26.47,45.09,1014.62,15693.0,26.78,61.77,1014.89,14115.0,1.0,3.0,4.0,9.0,58.0,8.0,0.0,60.0,ON
2026-06-26 12:24:17,615.32,2026-06-18,12:10:12,612.0,25.58,53.11,26.47,45.1,1014.63,16546.0,26.79,61.87,1014.89,13913.0,2.0,3.0,4.0,9.0,58.0,8.0,0.0,60.0,ON
2026-06-26 12:24:19,617.58,2026-06-18,12:10:14,614.0,25.59,53.13,26.47,45.04,1014.61,17596.0,26.8,61.99,1014.89,13707.0,2.0,3.0,4.0,9.0,58.0,8.0,0.0,60.0,ON
2026-06-26 12:24:21,619.85,2026-06-18,12:10:16,616.0,25.59,53.28,26.47,44.96,1014.61,18120.0,26.8,62.19,1014.89,13297.0,2.0,3.0,4.0,9.0,58.0,8.0,0.0,60.0,ON
2026-06-26 12:24:24,622.12,2026-06-18,12:10:19,619.0,25.59,53.28,26.46,44.92,1014.61,18626.0,26.8,62.44,1014.9,13109.0,1.0,2.0,4.0,9.0,57.0,8.0,0.0,60.0,ON
2026-06-26 12:24:26,624.38,2026-06-18,12:10:21,621.0,25.59,53.26,26.46,44.89,1014.61,19144.0,26.81,62.54,1014.9,13037.0,1.0,3.0,4.0,8.0,58.0,8.0,0.0,60.0,ON
2026-06-26 12:24:28,626.65,2026-06-18,12:10:23,623.0,25.58,53.26,26.46,44.86,1014.61,19458.0,26.81,62.63,1014.9,12942.0,1.0,3.0,4.0,9.0,57.0,8.0,0.0,60.0,ON
2026-06-26 12:24:30,628.91,2026-06-18,12:10:26,626.0,25.57,53.34,26.46,44.85,1014.61,19530.0,26.81,62.73,1014.91,12643.0,2.0,2.0,4.0,9.0,58.0,8.0,0.0,60.0,ON
2026-06-26 12:24:33,631.18,2026-06-18,12:10:28,628.0,25.59,53.39,26.46,44.86,1014.61,19441.0,26.81,62.89,1014.9,12583.0,2.0,2.0,4.0,8.0,57.0,8.0,0.0,60.0,ON
2026-06-26 12:24:35,633.44,2026-06-18,12:10:30,630.0,25.58,53.49,26.46,44.86,1014.62,19317.0,26.81,62.95,1014.91,12487.0,1.0,3.0,4.0,9.0,58.0,8.0,0.0,60.0,ON
2026-06-26 12:24:37,635.71,2026-06-18,12:10:32,632.0,25.59,53.58,26.46,44.86,1014.62,19674.0,26.81,62.95,1014.92,12620.0,1.0,3.0,4.0,8.0,58.0,8.0,0.0,60.0,ON
2026-06-26 12:24:40,637.97,2026-06-18,12:10:35,635.0,25.59,53.69,26.46,44.84,1014.62,20176.0,26.81,62.79,1014.93,12613.0,1.0,3.0,4.0,9.0,58.0,8.0,0.0,60.0,ON
2026-06-26 12:24:42,640.24,2026-06-18,12:10:37,637.0,25.57,53.24,26.45,44.8,1014.62,20506.0,26.81,62.87,1014.92,12357.0,1.0,3.0,4.0,9.0,58.0,8.0,0.0,60.0,ON
2026-06-26 12:24:44,642.51,2026-06-18,12:10:39,639.0,25.58,52.96,26.45,44.76,1014.62,20466.0,26.8,63.06,1014.92,12125.0,1.0,2.0,4.0,9.0,57.0,8.0,0.0,60.0,ON
2026-06-26 12:24:46,644.77,2026-06-18,12:10:41,641.0,25.59,52.99,26.45,44.77,1014.62,19530.0,26.8,63.32,1014.93,11640.0,1.0,2.0,4.0,8.0,58.0,8.0,0.0,60.0,ON
2026-06-26 12:24:49,647.03,2026-06-18,12:10:44,644.0,25.58,52.98,26.45,44.84,1014.62,17952.0,26.8,63.38,1014.93,11691.0,2.0,3.0,4.0,9.0,58.0,8.0,0.0,60.0,ON
2026-06-26 12:24:51,649.3,2026-06-18,12:10:46,646.0,25.59,53.05,26.45,44.95,1014.63,16926.0,26.79,63.41,1014.93,12016.0,1.0,3.0,4.0,9.0,58.0,8.0,0.0,60.0,ON
2026-06-26 12:24:53,651.56,2026-06-18,12:10:48,648.0,25.55,53.09,26.45,45.02,1014.64,16780.0,26.79,63.32,1014.93,11477.0,1.0,3.0,4.0,9.0,58.0,8.0,0.0,60.0,ON
2026-06-26 12:24:55,653.83,2026-06-18,12:10:50,650.0,25.56,53.19,26.44,45.05,1014.64,16330.0,26.78,63.53,1014.93,11319.0,1.0,3.0,4.0,8.0,58.0,8.0,0.0,60.0,ON
2026-06-26 12:24:58,656.09,2026-06-18,12:10:53,653.0,25.58,53.24,26.44,45.1,1014.63,15705.0,26.77,63.37,1014.93,11678.0,1.0,3.0,4.0,8.0,57.0,8.0,0.0,60.0,ON
2026-06-26 12:25:00,658.36,2026-06-18,12:10:55,655.0,25.55,53.23,26.44,45.16,1014.62,15256.0,26.77,63.12,1014.93,11627.0,2.0,2.0,4.0,9.0,58.0,8.0,0.0,60.0,ON
2026-06-26 12:25:02,660.62,2026-06-18,12:10:57,657.0,25.55,53.3,26.44,45.19,1014.63,14946.0,26.76,63.17,1014.94,11440.0,1.0,3.0,4.0,9.0,58.0,8.0,0.0,60.0,ON
2026-06-26 12:25:04,662.89,2026-06-18,12:10:59,659.0,25.56,53.37,26.44,45.22,1014.63,14935.0,26.75,63.25,1014.93,11477.0,1.0,2.0,4.0,9.0,57.0,8.0,0.0,60.0,ON
2026-06-26 12:25:07,665.15,2026-06-18,12:11:02,662.0,25.58,53.39,26.44,45.22,1014.63,14588.0,26.75,63.26,1014.93,11440.0,2.0,3.0,4.0,9.0,58.0,8.0,0.0,60.0,ON
2026-06-26 12:25:09,667.42,2026-06-18,12:11:04,664.0,25.55,53.48,26.43,45.25,1014.63,14729.0,26.74,63.34,1014.94,11319.0,2.0,3.0,4.0,9.0,58.0,8.0,0.0,60.0,ON
2026-06-26 12:25:11,669.68,2026-06-18,12:11:06,666.0,25.55,53.38,26.43,45.24,1014.63,14977.0,26.74,63.28,1014.95,11590.0,1.0,2.0,4.0,9.0,58.0,8.0,0.0,60.0,ON
2026-06-26 12:25:14,671.95,2026-06-18,12:11:09,669.0,25.55,53.32,26.43,45.23,1014.64,15322.0,26.73,63.11,1014.95,11653.0,2.0,2.0,4.0,9.0,57.0,8.0,0.0,60.0,ON
2026-06-26 12:25:16,674.21,2026-06-18,12:11:11,671.0,25.57,53.36,26.43,45.21,1014.65,15625.0,26.72,63.07,1014.95,11590.0,1.0,1.0,4.0,9.0,55.0,8.0,0.0,60.0,ON
2026-06-26 12:25:18,676.48,2026-06-18,12:11:13,673.0,25.55,53.37,26.43,45.22,1014.65,15432.0,26.72,63.23,1014.95,11177.0,1.0,2.0,3.0,6.0,39.0,6.0,0.0,60.0,ON
2026-06-26 12:25:20,678.74,2026-06-18,12:11:15,675.0,25.57,53.52,26.43,45.2,1014.65,15693.0,26.71,63.34,1014.95,11653.0,1.0,1.0,2.0,5.0,38.0,6.0,0.0,60.0,ON
2026-06-26 12:25:23,681.01,2026-06-18,12:11:18,678.0,25.55,53.56,26.43,45.21,1014.65,16000.0,26.7,62.17,1014.95,13922.0,34.0,67.0,116.0,237.0,954.0,82.0,0.0,60.0,ON
2026-06-26 12:25:25,683.27,2026-06-18,12:11:20,680.0,25.54,53.59,26.43,45.18,1014.65,16940.0,26.7,61.0,1014.96,13796.0,38.0,77.0,134.0,288.0,931.0,76.0,0.0,60.0,ON
2026-06-26 12:25:27,685.54,2026-06-18,12:11:22,682.0,25.54,53.59,26.42,45.13,1014.66,17802.0,26.71,60.76,1014.98,13448.0,13.0,22.0,40.0,94.0,314.0,28.0,0.0,60.0,ON
2026-06-26 12:25:29,687.81,2026-06-18,12:11:24,684.0,25.55,53.46,26.42,45.1,1014.66,17699.0,26.72,60.93,1014.99,13289.0,24.0,36.0,68.0,162.0,725.0,62.0,0.0,60.0,ON
2026-06-26 12:25:32,690.07,2026-06-18,12:11:27,687.0,25.55,53.41,26.42,45.13,1014.67,16767.0,26.74,60.84,1014.99,14050.0,16.0,21.0,41.0,93.0,315.0,30.0,0.0,60.0,ON
2026-06-26 12:25:34,692.34,2026-06-18,12:11:29,689.0,25.55,53.41,26.42,45.2,1014.67,16727.0,26.75,60.37,1015.0,13681.0,37.0,55.0,105.0,249.0,1000.0,84.0,0.0,60.0,ON
2026-06-26 12:25:36,694.61,2026-06-18,12:11:31,691.0,25.54,53.42,26.42,45.2,1014.68,16662.0,26.76,60.41,1014.99,13021.0,1.0,2.0,3.0,8.0,50.0,8.0,0.0,60.0,ON
2026-06-26 12:25:38,696.87,2026-06-18,12:11:33,693.0,25.54,53.49,26.42,45.21,1014.67,17185.0,26.77,60.57,1014.98,13280.0,3.0,5.0,8.0,18.0,105.0,12.0,0.0,60.0,ON
2026-06-26 12:25:41,699.14,2026-06-18,12:11:36,696.0,25.55,53.49,26.42,45.18,1014.67,17452.0,26.78,60.55,1014.98,14013.0,11.0,18.0,34.0,69.0,351.0,36.0,0.0,60.0,ON
2026-06-26 12:25:43,701.41,2026-06-18,12:11:38,698.0,25.55,53.43,26.42,45.18,1014.67,17283.0,26.78,59.86,1014.98,15051.0,186.0,429.0,725.0,1000.0,1000.0,319.0,0.0,60.0,ON
2026-06-26 12:25:45,703.67,2026-06-18,12:11:40,700.0,25.55,53.48,26.42,45.2,1014.68,16859.0,26.81,59.52,1014.98,14790.0,203.0,475.0,801.0,1000.0,1000.0,359.0,0.0,60.0,ON
2026-06-26 12:25:48,705.94,2026-06-18,12:11:42,702.0,25.54,53.56,26.42,45.2,1014.69,17007.0,26.86,59.56,1015.0,14295.0,202.0,484.0,809.0,1000.0,1000.0,360.0,0.0,60.0,ON
2026-06-26 12:25:50,708.2,2026-06-18,12:11:45,705.0,25.54,53.61,26.42,45.22,1014.68,16980.0,26.92,59.96,1015.0,13077.0,201.0,477.0,799.0,1000.0,1000.0,357.0,0.0,60.0,ON
2026-06-26 12:25:52,710.47,2026-06-18,12:11:47,707.0,25.55,53.54,26.42,45.23,1014.68,16584.0,27.0,60.62,1015.01,12188.0,225.0,533.0,896.0,1000.0,1000.0,410.0,0.0,60.0,ON
2026-06-26 12:25:54,712.73,2026-06-18,12:11:49,709.0,25.53,53.44,26.42,45.26,1014.68,16145.0,27.08,60.93,1015.0,11640.0,223.0,535.0,894.0,1000.0,1000.0,411.0,0.0,60.0,ON
2026-06-26 12:25:57,715.0,2026-06-18,12:11:52,712.0,25.55,53.41,26.42,45.28,1014.67,15964.0,27.16,60.79,1015.0,12202.0,216.0,522.0,871.0,1000.0,1000.0,399.0,0.0,60.0,ON
2026-06-26 12:25:59,717.26,2026-06-18,12:11:54,714.0,25.55,53.36,26.42,45.34,1014.67,16584.0,27.24,60.6,1014.99,12064.0,219.0,525.0,879.0,1000.0,1000.0,404.0,0.0,60.0,ON
2026-06-26 12:26:01,719.53,2026-06-18,12:11:56,716.0,25.54,53.25,26.42,45.32,1014.66,16819.0,27.32,60.42,1015.0,12167.0,222.0,533.0,891.0,1000.0,1000.0,407.0,0.0,60.0,ON
2026-06-26 12:26:03,721.8,2026-06-18,12:11:58,718.0,25.54,53.3,26.42,45.31,1014.66,17185.0,27.39,60.22,1015.0,12112.0,218.0,530.0,886.0,1000.0,1000.0,404.0,0.0,60.0,ON
2026-06-26 12:26:06,724.06,2026-06-18,12:12:01,721.0,25.55,53.36,26.42,45.3,1014.65,17062.0,27.46,60.05,1014.99,11678.0,223.0,536.0,894.0,1000.0,1000.0,408.0,0.0,60.0,ON
